Date,3M,6M,9M,1Y,2Y,5Y,10Y,20Y,30Y
2024-04-29,4.838243431670739,4.86407852947432,4.819668084613276,4.768415597357731,4.4409764860476875,3.991029762933667,3.608319121485464,3.3109231163841666,3.0127747192637058
2024-04-30,4.839428668770919,4.86523967703818,4.82080579543484,4.769530504331227,4.442006130765137,3.9918519161130033,3.6089094502364736,3.3112744039154296,3.0130160250979077
2024-05-01,4.833943273927106,4.8598657709575,4.815540356921816,4.764370604288601,4.437240832899257,3.9880469096631836,3.606177350231802,3.3096486103823097,3.011899237766064
2024-05-02,4.816331238339292,4.842611693934172,4.798634538267499,4.747803639508883,4.4219408229655945,3.975830121097512,3.597405357716801,3.3044286518598995,3.008313552725608
2024-05-03,4.788140226981267,4.8149936551838195,4.771573945338065,4.7212854389326715,4.397450595719164,3.9562751058071886,3.58336431519279,3.2960732343807586,3.0025740635451683
2024-05-06,4.810150373792068,4.836556453332549,4.792701517371574,4.741989537853709,4.416571353406005,3.9715426941870904,3.594326866461537,3.302596730932402,3.0070551727141916
2024-05-07,4.800443183988105,4.827046558821917,4.783383571717276,4.732858357599705,4.408138478075493,3.964809191701785,3.589492025203269,3.2997196570193275,3.005078857989447
2024-05-08,4.794859835664938,4.8215766901326536,4.7780241075165195,4.727606316484889,4.403288085604866,3.960936238708218,3.5867111376985132,3.298064831458831,3.0039421280266776
2024-05-09,4.797906188872841,4.824561127259602,4.780948306405002,4.73047190382999,4.405934527812525,3.9630493762187426,3.5882284289511084,3.2989677275102594,3.004562343848469
2024-05-10,4.800002393331012,4.826614727083291,4.7829604561224786,4.732443722774851,4.407755552354128,3.964503432254923,3.589272481452893,3.2995890128961305,3.0049891161502806
2024-05-13,4.790922105794914,4.817718993267593,4.77424427486967,4.72390224538286,4.399867282494002,3.958204787649597,3.5847498801951594,3.29689774395827,3.003140434263461
2024-05-14,4.787572096801015,4.814437072054034,4.771028596349216,4.720751020713971,4.396957047011626,3.9558810158534574,3.583081347692306,3.2959048486219715,3.0024583962857996
2024-05-15,4.776895167551451,4.803977147718425,4.760779796386365,4.7107076438452875,4.387681735094111,3.948474842585058,3.5777635101832113,3.2927403576378627,3.000284649514889
2024-05-16,4.77125304714067,4.798449701464009,4.755363916772969,4.7054003180871575,4.382780285860634,3.944561121665244,3.574953350178406,3.291068112860939,2.999135953973564
2024-05-17,4.775719725799204,4.802825596415422,4.759651488133574,4.709601950979011,4.386660599837136,3.9476594840600967,3.5771780601822107,3.2923919733093374,3.0000453379437797
2024-05-21,4.752416593060933,4.779996091833389,4.737282777021994,4.687681589905067,4.3664165933676236,3.9314950013027374,3.565571513912362,3.2854852539963155,2.9953009860465363
2024-05-22,4.737586436286768,4.765467352893834,4.723047287899283,4.673731431575538,4.3535332702088,3.9212078945794753,3.558185086399731,3.281089805051417,2.9922816717243728
2024-05-23,4.725077776973287,4.753212927777711,4.7110402075758335,4.661965016656906,4.3426666891825,3.9125311209430107,3.5519549226390765,3.2773824151553557,2.9897349977551504
2024-05-24,4.716467666138087,4.744777814483216,4.70277534962414,4.653865816411427,4.335186873425164,3.9065586197476687,3.547666501381743,3.2748304999489046,2.987982040496774
2024-05-27,4.730974576430386,4.758989876814443,4.716700553977335,4.66751190920273,4.34778938438832,3.9166215028765676,3.5548919301440995,3.2791301432034596,2.9909355441368826
2024-05-28,4.7290057114953745,4.757061028381913,4.714810637653909,4.665659873651716,4.346078982832888,3.915255777347257,3.553911301392423,3.278546599453179,2.9905346972552747
2024-05-29,4.726263014073467,4.754374075341573,4.712177918397397,4.663079923630402,4.343696333899949,3.913353274122347,3.5525452513900864,3.2777337026866187,2.9899763035893527
2024-05-30,4.7083767087434625,4.7368513030142125,4.695008827817429,4.646254963848554,4.328158059072992,3.9009462352341844,3.5436366538748523,3.272432454487553,2.986334779182305
2024-05-31,4.674034218882019,4.70320681244481,4.662043421698389,4.613950303938825,4.298323890648397,3.877124176996563,3.5265317563456016,3.262253825689127,2.979342892779726
2024-06-03,4.676698553520442,4.705816995398283,4.664600920404715,4.616456541102386,4.300638463897538,3.878972322986476,3.527858776347871,3.2630434968337863,2.9798853323409076
2024-06-04,4.6697046750945805,4.698965265145416,4.657887486300609,4.609877668548037,4.294562709118542,3.8741209397629555,3.524375348841914,3.260970610079058,2.978461428492807
2024-06-05,4.601950253425553,4.632587928788154,4.592849918095987,4.546143688914384,4.235702771014456,3.8271223154533067,3.4906290350342055,3.2408891567422895,2.964667110681443
2024-06-06,4.557822210976663,4.589356773621253,4.550491345772461,4.504634135892898,4.197367651575551,3.7965123974953814,3.4686502662466188,3.227810228408887,2.955682955449379
2024-06-07,4.563425149995701,4.594845834832233,4.555869615110765,4.509904605222152,4.202235062967128,3.8003989397976974,3.4714409112513915,3.22947086037486,2.9568236739383336
2024-06-10,4.563229243036993,4.594653909615067,4.5556815637353,4.509720323077772,4.202064873757632,3.800263046710204,3.4713433362512243,3.2294127963201054,2.956783788676482
2024-06-11,4.582124469204342,4.613165096810838,4.573819118898914,4.527494335903177,4.218479623013492,3.8133699349989585,3.4807544450173187,3.235013074401156,2.960630722182066
2024-06-12,4.572329121268962,4.603568835952481,4.564416550125657,4.518280228684201,4.209970162538707,3.8065752806242803,3.475875695008975,3.2321098716634418,2.958636459089487
2024-06-13,4.572172395701996,4.603415295778747,4.564266109025285,4.518132802968697,4.20983401117111,3.806466566154285,3.475797635008841,3.2320634204196383,2.9586045508800063
2024-06-14,4.571731605044904,4.602983464040121,4.563842993430487,4.517718168143844,4.2094510854497456,3.806160806707425,3.4755780912584666,3.2319327762964414,2.95851480904084
2024-06-17,4.562553364029452,4.593991767615839,4.555032786489945,4.509084549679663,4.2014777209848715,3.799794215558351,3.4710067025006492,3.229212475331203,2.9566461845230942
2024-06-18,4.544451561044869,4.576257877549594,4.537656839396966,4.492056879538997,4.1857522380274705,3.787237694273946,3.461990772485231,3.2238473566719077,2.95296078632801
2024-06-19,4.54294307746282,4.574780053377407,4.536208843805885,4.490637907027275,4.184441781114353,3.7861913175002453,3.461239444983946,3.2234002634502996,2.952653669811753
2024-06-20,4.554766062420824,4.586362740233445,4.547557744315205,4.501759334440577,4.194712699907418,3.794392465330482,3.467128096244017,3.226904429154721,2.9550607453644946
2024-06-21,4.529885878664958,4.561988237653217,4.523675219631132,4.47835550210438,4.173098670301465,3.7771340432187994,3.4547360712228246,3.219530294200927,2.9499953171093463
2024-06-24,4.54410872386713,4.5759220084195515,4.537327749489902,4.491734385786333,4.185454406910853,3.7869998813708325,3.4618200162349386,3.2237457445760875,2.9528909871197695
2024-06-25,4.553316350926388,4.584942493626408,4.546166164136764,4.500395646572169,4.1934532997571505,3.79338685648303,3.4664060412427817,3.226474755149539,2.954765594426793
2024-06-26,4.551778481300533,4.583435880671646,4.544689960839363,4.498949031738791,4.1921173144626085,3.7923200957462053,3.465640077491472,3.2260189523197176,2.9544524951212585
2024-06-27,4.550740174419383,4.58241867702066,4.543693288549397,4.497972336373579,4.191215311652282,3.7915998623824896,3.465122929990587,3.2257112128295207,2.954241103233445
2024-06-28,4.557626304017956,4.589164848404086,4.550303294396997,4.504449853748518,4.197197462366055,3.7963765044078883,3.468552691246453,3.2277521643541327,2.955643070187527
2024-07-02,4.538407831368739,4.5703369845999875,4.531855454463865,4.486371775384888,4.1805019009145274,3.7830453925247696,3.4589805837300833,3.222056080582738,2.9517303259998893
2024-07-03,4.533539543444854,4.565567642953383,4.527182377783556,4.481792364097058,4.1762726990585595,3.779668449300555,3.456555844975937,3.220613188822094,2.9507391772428777
2024-07-04,4.531012343677526,4.563091807651927,4.524756515040056,4.479415124434562,4.174077258256065,3.7779154284718874,3.4552971274737847,3.2198641625157642,2.9502246573649926
2024-07-05,4.549359030360494,4.581065604239631,4.5423675263523675,4.496673147255703,4.1900154777253364,3.79064181611566,3.464435026239411,3.2253018612435023,2.9539599121373916
2024-07-08,4.535929608341087,4.567909130602824,4.5294766045642305,4.484040606258488,4.178349007414408,3.781326344967976,3.4577462599779722,3.221321570290096,2.951225777437467
2024-07-09,4.530189534450954,4.562285721739825,4.523966699263103,4.478641139428168,4.173362463576183,3.777344677504415,3.4548873124730837,3.219620293485796,2.950057139265216
2024-07-10,4.513214196478939,4.545655401672291,4.507672047579048,4.462673091617683,4.1586155685733805,3.7655695414730976,3.446432438708625,3.2145890431413373,2.9466010813257784
2024-07-11,4.511979982639082,4.544446272804138,4.506487323913618,4.461512114108094,4.1575433765535585,3.7647134150218884,3.445817716207574,3.214223239596386,2.9463498041761134
2024-07-12,4.504153499638712,4.536778860378312,4.498974671463785,4.454150042440132,4.150744317634206,3.75928448617652,3.4419195949509076,3.211903580608952,2.9447563879651435
2024-07-15,4.471534991013896,4.50482331171998,4.467664117448837,4.423467065400943,4.122407814253172,3.7366582871088427,3.4256733574231255,3.2022359154923636,2.938115491866858
2024-07-16,4.426770250949207,4.460968399597284,4.424694378155052,4.381358595410225,4.083519579883407,3.7056067166165634,3.4033774698849975,3.1889682789810103,2.929001709533776
2024-07-17,4.4245173209240685,4.4587612595998625,4.422531787337202,4.3792393507498595,4.081562403974206,3.7040439461103873,3.4022553573830785,3.188300542351336,2.9285430290224834
2024-07-18,4.404681741354923,4.439328831361687,4.403491585571356,4.360580783631434,4.064330746512767,3.690284771001664,3.3923758886161837,3.182421556807465,2.9245046462600124
2024-07-19,4.400832169616319,4.435557500844353,4.399796376043465,4.356959639494376,4.060986528546176,3.687614471832415,3.390458539862905,3.181280598131544,2.9237209008646294
2024-07-22,4.3893912032277935,4.424349068161791,4.3888141757163,4.3461975622626134,4.051047478711628,3.6796783155227915,3.3847601598531605,3.1778896573338935,2.921391601572498
2024-07-23,4.383621743293855,4.418696870516219,4.383276062708852,4.340770453110636,4.0460354064919795,3.675676264096106,3.381886576098246,3.17617967092138,2.9202169806109692
2024-07-24,4.349729839437438,4.3854938079463,4.350743174753382,4.308889642132981,4.0165926732492245,3.65216675995972,3.3650061010693797,3.1661345894488893,2.9133168303106487
2024-07-25,4.34722223036598,4.38303716516656,4.348336117147427,4.306530830684924,4.01441425136768,3.650427328439802,3.3637571410672433,3.1653913695480345,2.912806298958949
2024-07-26,4.319599349188207,4.355975709545993,4.321820873206842,4.280547048327413,3.990417572828787,3.63126640310321,3.3499990660437162,3.1572043378276806,2.9071824770378787
2024-07-29,4.34105116116669,4.376991520825794,4.342412498820275,4.300725943136969,4.0090532912685655,3.646146696183755,3.360683528561988,3.1635623518232743,2.911549913210625
2024-07-30,4.316239544846372,4.352684192071575,4.318595792117614,4.277386609551304,3.987498827885936,3.6289358366526954,3.348325654790855,3.1562085392886448,2.9064984447971245
2024-07-31,4.3061797225167355,4.342828832170041,4.308939353987479,4.267923721437415,3.9787596119783317,3.621957726609901,3.3433151785322854,3.1532269500770123,2.904450336601047
2024-08-01,4.261023168534631,4.298590069613012,4.265593511942763,4.225446687157938,3.939530999189574,3.590634369942635,3.320824140993824,3.1398431854561504,2.8952567837442613
2024-08-02,4.22459426956295,4.262901575480779,4.2306253586750175,4.191179422410568,3.9078843156838503,3.565365050323207,3.302680069712797,3.1290461744745914,2.8878401193029637
2024-08-06,4.209440866306917,4.248056159932901,4.216079584782788,4.176925198542813,3.8947201803293576,3.5548537200055796,3.29513264344989,3.124554919839348,2.884754994298745
2024-08-07,4.2039260854192975,4.242653465069644,4.210785938563443,4.1717376561785295,3.8899293540820543,3.5510283295926355,3.292385907195193,3.122920416698015,2.8836322241776235
2024-08-08,4.193053249211025,4.232001615516867,4.200349087225129,4.161509997165466,3.8804838529550434,3.5434862632367428,3.286970494685932,3.119697861659152,2.881418592144862
2024-08-09,4.193513630563988,4.232452639777211,4.200791007957472,4.1619430602047585,3.880883797597358,3.543805611992353,3.287199795936324,3.119834312187825,2.881512322510213
2024-08-12,4.185677352215683,4.224775631090523,4.193268952938865,4.154571774429578,3.8740762292175304,3.5383698884926105,3.2832967959296493,3.117511749997653,2.8799169120361503
2024-08-13,4.171611232580478,4.210995400497923,4.179766864180468,4.14134031646313,3.86185664397574,3.528612764810573,3.2762909109176688,3.1133427508662956,2.8770531502352084
2024-08-14,4.175176739228956,4.214488439450364,4.1831893992139335,4.1446942514908365,3.864954087588561,3.5310860190029554,3.278066775920706,3.1143995166628238,2.877779062000907
2024-08-15,4.1549395503944595,4.194662564516998,4.163763692128384,4.125657905976433,3.8473735422476563,3.5170482630648703,3.267987278403469,3.108401499806707,2.87365891445164
2024-08-16,4.150933253088889,4.190737693825929,4.159918041500122,4.121889336123871,3.8438931729134684,3.514269249425627,3.265991869650057,3.107214089886981,2.8728432608467758
2024-08-19,4.1599645638853096,4.199585446337334,4.168587209909065,4.130384742979767,3.8517388954712204,3.52053392075908,3.270490077157749,3.1098908428111542,2.874681971418133
2024-08-20,4.146750639520481,4.18664009043941,4.155903144633941,4.117954912341369,3.840259633290736,3.511367932007639,3.2639086433964946,3.1059744223179773,2.871991710506245
2024-08-21,4.149081932329102,4.1889240005237,4.158140956001976,4.120147869859485,3.842284884883735,3.5129850597488135,3.26506978589848,3.1066653845695535,2.8724663451222785
2024-08-22,4.145183383850821,4.185104688702074,4.15439873363022,4.116480655186333,3.8388981196147705,3.510280787307691,3.2631280433951595,3.1055099098799435,2.8716726284114324
2024-08-23,4.142127235294982,4.182110655314266,4.151465132172963,4.113605853734013,3.8362431679466376,3.508160855142792,3.261605873392557,3.104604110625777,2.8710504183265484
2024-08-26,4.1302356829014295,4.170460794632219,4.1400504136822285,4.1024199275701765,3.825912682930249,3.4999121447319324,3.255683070882428,3.101079622502192,2.8686293829321583
2024-08-27,4.1147002610759165,4.155241124910863,4.125137939607842,4.087806353520881,3.81241667861724,3.489135822893693,3.247945373369195,3.096475142960178,2.865466481667329
2024-08-28,4.104052717870157,4.144809989357828,4.114917347351311,4.077790618973855,3.8031668950811497,3.4817500335884177,3.242642172110127,3.093319361584282,2.863298717685697
2024-08-29,4.085118310311066,4.126260417118623,4.096742181912605,4.059979749719575,3.7867181079833903,3.4686159666821648,3.233211548344,3.0877074706922802,2.8594438071277435
2024-08-30,4.073883046229184,4.115253505914087,4.085957435529678,4.04941116873941,3.776957756818813,3.460822498114409,3.2276156220844303,3.084377497152123,2.857156387360556
2024-09-03,4.041871849176361,4.083892925428972,4.055229840778673,4.019299466347797,3.749148839987216,3.4386175676179604,3.2116718670571656,3.0748898306052728,2.850639135574011
2024-09-04,3.990887063172706,4.033944387661221,4.0062894703138685,3.97134003827303,3.704857098215962,3.4032513915977614,3.1862779732637394,3.0597786603554713,2.840258996177142
2024-09-05,3.9909262445644473,4.033982772704654,4.006327080588961,3.9713768947019057,3.7048911360578605,3.4032785702152597,3.186297488263773,3.059790273166422,2.840266973229512
2024-09-06,3.9890847191525953,4.032178675663284,4.004559397659589,3.969644642544738,3.7032913574886015,3.4020011751928205,3.1853802832622047,3.0592444710517315,2.8398920517681074
2024-09-09,3.9920918909687577,4.0351247277468,4.007445986272979,3.9724733734609643,3.70590376185436,3.4040871340858465,3.186878059514766,3.06013575429221,2.840504290537529
2024-09-10,3.9781629062046466,4.021478844806214,3.9940755334774063,3.9593709129955807,3.693803309059216,3.3944251355650543,3.1799404770029014,3.0560073999991806,2.837668448419883
2024-09-11,3.9791522363461196,4.022448067152909,3.9950251929235057,3.9603015378246966,3.69466276456717,3.3951113956568966,3.1804332307537444,3.05630062347569,2.8378698689922333
2024-09-12,3.9845788591023203,4.027764395668439,4.00023421602389,3.965406153224009,3.6993770056702,3.3988756341804685,3.1831360582583663,3.057908997792383,2.8389746907455216
2024-09-13,3.982531631383826,4.025758777149043,3.9982690791502797,3.9634804048152437,3.6975985284309703,3.3974555514161606,3.182116399506622,3.057302228420201,2.838557889759173
2024-09-16,3.9620593541988804,4.005702591955074,3.9786177104141713,3.9442229207275843,3.6798137560386706,3.3832547237730832,3.1719198119891856,3.0512345346983785,2.834389879895684
2024-09-17,3.958444870810725,4.00216157169834,3.9751481625368394,3.9408229151637824,3.676673765123475,3.3807474963088273,3.1701195532361073,3.050163252888162,2.8336539968145233
2024-09-18,3.9445942488300965,3.9885924588446224,3.961852930291453,3.927794167556151,3.664641388012129,3.3711398550230323,3.1632210007243104,3.046058124217035,2.8308341088016173
2024-09-19,3.934671561371556,3.9788714465951056,3.952328128124144,3.9184602769433288,3.6560213045511722,3.3642568701414834,3.1582788269658586,3.0431171798437298,2.828813920288836
2024-09-20,3.9275307527266636,3.9718757724293634,3.9454736554884393,3.911743192780696,3.6498179078650543,3.359303567102343,3.154722218209777,3.0410007450479357,2.8273601024943464
2024-09-23,3.9207621673033155,3.965244756176238,3.938976480466118,3.905376244692383,3.643937870676978,3.35460846092944,3.151351001954011,3.038994631956176,2.825982066697375
2024-09-24,3.9099187171388494,3.9546216954060354,3.928567836834122,3.8951762280009774,3.6345178979313912,3.3470867785366716,3.1459502256947753,3.0357807865255264,2.823774417453891
2024-09-25,3.90028989011837,3.9451885709822694,3.91932511173001,3.8861187606047247,3.6261530982846777,3.340407633286363,3.141154414436574,3.032926938234353,2.8218140568338868
2024-09-26,3.891072467711177,3.9361584895145545,3.9104772945143744,3.8774482857116683,3.6181456959779057,3.3340138635197913,3.1365635106787235,3.030195024458164,2.8199374552637706
2024-09-27,3.882227268525529,3.9274930659594585,3.9019867749121238,3.8691279468929336,3.610461653169175,3.327878290619457,3.13215799942119,3.027573432386009,2.8181366356911726
2024-10-01,3.862577800567155,3.9082429666775926,3.883125221952969,3.8506444478116686,3.593391675456757,3.3142482139438525,3.1223712269044532,3.021749607694154,2.8141361439274606
2024-10-02,3.8585910939574557,3.9043372885082417,3.8792983764622537,3.8468943061735454,3.5899283250435197,3.3114827896133585,3.1203855756510577,3.0205680041799043,2.8133244788487817
2024-10-03,3.8550647687007182,3.900882634599233,3.8759134517038807,3.843577227574715,3.586864919272597,3.309036714038474,3.118629225648055,3.0195228511943277,2.8126065441354533
2024-10-04,3.8582188707359104,3.903972630595623,3.878941078848869,3.846544170099224,3.5896049655454774,3.3112245927471204,3.120200183150741,3.020457682475871,2.813248696851263
2024-10-07,3.862176191301805,3.9078495199823995,3.8827397166332656,3.8502666694156904,3.5930427875772906,3.3139696331144908,3.1221711981541116,3.0216305763819085,2.8140543791406647
2024-10-08,3.838804491127987,3.884952841574359,3.8603051875402734,3.828281809591215,3.5727392148844546,3.297757587776509,3.110530500634205,3.014703534649722,2.8092960674017737
2024-10-09,3.8287152827545445,3.8750686928902502,3.8506205417038184,3.81879127915567,3.563974470595426,3.29075909377059,3.105505388125612,3.0117132358298764,2.8072419764164183
2024-10-10,3.7789451198948756,3.826310091468933,3.8028460897668968,3.7719744003760547,3.5207379019230447,3.2562354548928503,3.08071645933322,2.9969620627195512,2.7971091256430287
2024-10-11,3.7457976624815483,3.793836344724251,3.7710277970381942,3.7407938615470417,3.491941887676374,3.23324234448894,3.0642067693049877,2.987137624655127,2.7903605393377444
2024-10-15,3.674987092256681,3.724464974979183,3.703056627376315,3.6741850804610667,3.4304269979041546,3.1841237880143916,3.028938285494675,2.9661503720641913,2.7759440114414966
2024-10-16,3.65745341945235,3.707287668042722,3.6862260292721847,3.657691828539101,3.41519506365429,3.1719613566837177,3.0202053229797414,2.9609536391636833,2.772374280505782
2024-10-17,3.6481086575219965,3.6981328351838485,3.677255978662497,3.648901570252198,3.4070770383613453,3.1654792564102743,3.015550995471782,2.958183983751904,2.7704717535154626
2024-10-18,3.6276167896411806,3.6780574574681646,3.6575858047888423,3.629625657950101,3.389275247048096,3.151264839458448,3.005344650454328,2.952110483624606,2.766299755125789
2024-10-21,3.5918441789811713,3.6430119128134417,3.6232476236289064,3.5959757383864024,3.358198697394182,3.1264507616821238,2.987527455423859,2.9415079872264744,2.759016706311694
2024-10-22,3.559578302882027,3.6114018295460113,3.5922755620897964,3.565624469207097,3.3301685345902414,3.104069170171934,2.9714568528963774,2.931944837408444,2.752447603684742
2024-10-23,3.4865441886758295,3.539852108586096,3.5221700093163886,3.496924085782415,3.2667219972902473,3.053408227154334,2.935080892834172,2.9102985577960476,2.7375783780664786
2024-10-24,3.4565998100373716,3.510516339142096,3.4934263565765415,3.4687565600140067,3.24070857661883,3.032636968730943,2.920166554058667,2.9014234670268557,2.7314819157924672
2024-10-25,3.464034479120325,3.517799901133589,3.5005629062754435,3.475750067393209,3.2471672571191914,3.0377941114013236,2.923869525314999,2.903626997904781,2.732995561479734
2024-10-28,3.464710358127867,3.518462043132817,3.5012116835207983,3.4763858407913184,3.2477544098919515,3.0382629425531764,2.924206159065575,2.9038273188936836,2.7331331656331224
2024-10-29,3.4569230565192384,3.5108330157504226,3.493736641346058,3.4690606255522325,3.240989388814498,3.032861192325307,2.920327552808942,2.9015192727172003,2.7315477264745223
2024-10-30,3.457246303001106,3.5111496923587477,3.4940469261155758,3.4693646910904588,3.241270201010165,3.033085415919671,2.920488551559217,2.901615078407545,2.7316135371565773
2024-10-31,3.461908888618347,3.5157175125273263,3.4985225488516467,3.473750606126691,3.245320704196163,3.0363196714020186,2.9228108365631886,2.902997002910697,2.7325628063886445
2024-11-01,3.4653176696998598,3.5190570113060344,3.5017946427847404,3.4769571154388954,3.2482819964413885,3.038684211124407,2.924508641566092,2.9040073174634218,2.733256809944862
2024-11-04,3.4625455862341474,3.51634126948312,3.499133715821908,3.4743495230959245,3.2458738191270244,3.0367613239363727,2.923127955313731,2.903185711088648,2.7326924334896625
2024-11-05,3.460625698038813,3.514460402354881,3.49729081234235,3.4725435580810053,3.244205964873966,3.0354295716789355,2.922171720312096,2.902616683352056,2.732301557923517
2024-11-06,3.4561394286844087,3.5100653148817536,3.492984435844198,3.4683234969747145,3.240308631976515,3.0323176199753323,2.9199372528082748,2.901287016498183,2.7313881854271163
2024-11-07,3.4517511128093576,3.5057661900172095,3.4887720850337782,3.4641955769406136,3.236496393683811,3.0292736148154766,2.9177515728045376,2.899986381671687,2.7304947555616415
2024-11-08,3.450399354794275,3.5044419060187555,3.487474530543069,3.462924030144395,3.2353220881382905,3.0283359525117715,2.9170783053033857,2.8995857396938822,2.7302195472548654
2024-11-12,3.448058266637719,3.5021483996736076,3.4852273166062604,3.46072185851906,3.233288327084818,3.0267120301162236,2.9159122840513914,2.898891874239569,2.7297429183757393
2024-11-13,3.4531616429120526,3.507148051580812,3.4901260549371274,3.4655224083801457,3.2377217559921805,3.0302520450454313,2.918454112805738,2.9004044428659177,2.7307819294469726
2024-11-14,3.4477644061996577,3.5018605118478567,3.484945239543062,3.46044543530249,3.2330330432705736,3.0265081904849827,2.915765921551141,2.898804778157437,2.7296830904829616
2024-11-15,3.4506638291885308,3.5047010050619316,3.4877283998999475,3.463172811039308,3.23555184357111,3.0285194081798874,2.917210031553611,2.899664126167801,2.730273392358365
2024-11-18,3.4421124904409433,3.496323469332585,3.4795199573608935,3.455128895437142,3.2281230845766236,3.022587674910794,2.9129508827963275,2.897129630177777,2.7285324006785445
2024-11-19,3.4389290023619443,3.4932046845536178,3.4764641225095843,3.4521343105909743,3.2253575099223184,3.020379412239023,2.9113652890436157,2.8961860892880193,2.7278842651734565
2024-11-20,3.433247700559424,3.4876388532557714,3.471010632621095,3.446790128403969,3.2204220228469436,3.016438512701711,2.9085356140387773,2.8945022317001454,2.7267275925797607
2024-11-21,3.417604529906621,3.472313624664973,3.455994730290203,3.432075199175264,3.2068324144687113,3.0055874496653487,2.9007442502754532,2.889865816928016,2.723542754420914
2024-11-22,3.4136178232969208,3.468407946495622,3.4521678847994877,3.428325057537142,3.2033690640554746,3.002822025334855,2.8987585990220572,2.8886842134137662,2.7227310893422345
2024-11-25,3.38552476541825,3.440885870353852,3.425201317557786,3.40189899803312,3.1789639314137927,2.9833349565882785,2.8847663439981295,2.8803578279620017,2.7170115427927204
2024-11-26,3.3872193606110703,3.4425460234823486,3.4268279619555586,3.4034930385820026,3.180436068075929,2.9845104317950977,2.8856103677495732,2.8808600820356265,2.7173565503077364
2024-11-27,3.3723989991848398,3.428026880803653,3.4126018754016205,3.389552094359692,3.16756125437758,2.974230119726209,2.8782288189869503,2.876467536293465,2.7143392302486657
2024-11-28,3.3693036692372593,3.424994462372412,3.4096306636692706,3.3866404364784963,3.1648722648675487,2.9720830089438115,2.8766871339843134,2.875550124228348,2.713709043111411
2024-11-29,3.342209736847997,3.398451204838193,3.3836231584424405,3.3611542159108097,3.141335097194294,2.953288994943451,2.863192511461236,2.8675198654558303,2.7081929113973398
2024-12-02,3.3367439327000543,3.3930964912792296,3.378376525066963,3.356012744082621,3.136586818249364,2.9494975778023806,2.860470168956581,2.865899878328186,2.7070801125916812
2024-12-03,3.331846258732364,3.388298360850052,3.3736752406803348,3.351405690473134,3.1323320880119723,2.946100250615042,2.85803079395241,2.864448276959329,2.7060829810453924
2024-12-04,3.3197490040321687,3.3764469786899785,3.3620630682453614,3.340026268057698,3.121822904325613,2.937708852462314,2.8520055376921056,2.860862821578252,2.703620066126058
2024-12-05,3.2694498923839896,3.3271701791823123,3.313780877594684,3.2927118274882585,3.078126824787593,2.9028183022483423,2.8269531563992643,2.8459548755200896,2.6933795251456694
2024-12-06,3.2023615543745687,3.2614453885634207,3.2493826840666444,3.2296044071454957,3.0198455299957927,2.856281714436172,2.7935385975921228,2.8260708399694865,2.679720817224602
2024-12-09,3.137584918477896,3.1979853155071,3.1872034967690928,3.16867151610641,2.963572467876041,2.8113486650564257,2.76127542378695,2.806871960264983,2.6665327553933826
2024-12-10,3.0980508942107003,3.159254806682768,3.149254729200226,3.131483379370624,2.9292282853998106,2.7839254400002247,2.741584788753278,2.795154634015569,2.658483909551737
2024-12-11,3.1039966704074766,3.1650797370237913,3.1549620884455924,3.1370763424525423,2.9343935279080045,2.788049795205654,2.7445461900083417,2.7969168780773614,2.6596944272489322
2024-12-12,3.107571972403891,3.1685823722370916,3.158394026047832,3.1404394915874683,2.937499480981301,2.7905298440524113,2.746326933761387,2.797976547076627,2.6604223332777233
2024-12-13,3.109491860599225,3.17046323936533,3.16023692952739,3.1422454566023874,2.939167335234359,2.7918615963098485,2.747283168763022,2.7985455748132186,2.6608132088438685
2024-12-16,3.1141348555205948,3.175011867012191,3.164693747125914,3.1466129434241816,2.9432008194994066,2.7950822624834455,2.7495956962669768,2.7999216929108957,2.6617584895497504
2024-12-17,3.108375190934592,3.1693692656274774,3.1591650366872384,3.141195048379424,2.9381972567402332,2.7910870057111348,2.746726991262071,2.7982146097011196,2.6605858628513146
2024-12-18,3.092183480797407,3.1535066464286117,3.143622590505044,3.1259641291464577,2.9241311185754144,2.779855442029792,2.738662417498279,2.7934156155756775,2.6572893459592835
2024-12-19,3.0899403461202053,3.151309102692048,3.1414694022559684,3.1238540985933123,2.922182452126689,2.7782994661779905,2.737545183746369,2.7927507821487416,2.6568326597110827
2024-12-20,3.0908023367385185,3.152153573647583,3.1422968283080146,3.1246649400285817,2.922931284648469,2.778897395762962,2.737974513747103,2.7930062639896605,2.6570081548632296
2024-12-23,3.0959742804484,3.1572203993807966,3.147261384620295,3.1295299886402015,2.927424279779156,2.7824849732727928,2.740550493751509,2.7945391550351735,2.658061125776111
2024-12-24,3.100196075408549,3.1613563878107485,3.1513138917615686,3.1335012688515795,2.931091857243788,2.7854134693082786,2.7426532350051045,2.795790435415128,2.658920653169012
2024-12-27,3.0957000107062087,3.1569517040767616,3.1469981126946434,3.1292719936380693,2.9271860148858617,2.7822947229503017,2.740413888751275,2.7944578653585177,2.658005286409519
2024-12-30,3.0989030894810785,3.1600896813774453,3.1500727526834993,3.132285006698675,2.9299686084611167,2.784516574930821,2.7420092400040033,2.7954072126537497,2.6586574104407914
2024-12-31,3.102537163565105,3.1636498941558964,3.153561105698378,3.135703440476915,2.933125618297262,2.7870373917038274,2.7438192562570984,2.7964843008694418,2.659397282048138
2025-01-02,3.0975709221618666,3.158784589900708,3.148794003330336,3.131031888116894,2.928811321836546,2.783592501935865,2.7413457300028683,2.7950123770814206,2.658386190660201
2025-01-03,3.0845627001036813,3.1460407554808096,3.13630739199945,3.1187955537300946,2.917510758326032,2.7745692009262926,2.7348667499917894,2.7911569238457363,2.655737809273257
2025-01-06,3.0810167841510734,3.142566909050084,3.1329036621035304,3.115460046916825,2.9144303336341597,2.772109536042659,2.7331006424887687,2.7901059644546837,2.6550158860337443
2025-01-07,3.0754530265237774,3.137116232882536,3.1275630030403208,3.1102264340164476,2.909596960084482,2.768250172357842,2.73032951248403,2.788456945299663,2.6538831445971596
2025-01-08,3.0727005337539355,3.134419683581338,3.1249208812150355,3.1076372698879156,2.9072058016910676,2.7663408744785576,2.7289585837316856,2.787641145330365,2.6533227566681457
2025-01-09,3.066715576165418,3.1285563681968815,3.119175911694575,3.102007450377121,2.902006521340974,2.762189340655629,2.725977667476588,2.785867288457621,2.6521042619185797
2025-01-10,3.089479964767242,3.150858078431705,3.1410274815236248,3.12342103555402,2.9217825074843735,2.777980117422381,2.7373158824959773,2.7926143316200682,2.6567389293457313
2025-01-13,3.1069548654839614,3.1679778078030156,3.1578016642151168,3.1398590028326727,2.9369633849713894,2.790101780826807,2.7460195725108614,2.797793645304151,2.660296694702891
2025-01-14,3.0852189884153516,3.1466837049583196,3.136937364107258,3.1194128989137657,2.9180808921778425,2.7750244427693964,2.735193626242348,2.7913514384291633,2.65587142490046
2025-01-15,3.0659123576347165,3.1277694748064966,3.118404901055168,3.101251893585165,2.9013087455820417,2.7616321789969054,2.725577609975904,2.785629225833129,2.6519407323449884
2025-01-16,3.039337578686029,3.101734819097772,3.0928957319733206,3.0762540207000844,2.878222579313951,2.743198281678404,2.7123415612032695,2.777752836805711,2.646530296574824
2025-01-17,3.022068380275953,3.084816611204487,3.0763190032260677,3.06000954967303,2.8632204004969055,2.7312193060158467,2.70374032493856,2.772634490379121,2.6430144107426083
2025-01-20,3.016024650599823,3.07889571825488,3.070517618292968,3.0543244455189225,2.857970063383963,2.7270270042666698,2.7007301361834126,2.770843214289951,2.641783950414488
2025-01-21,2.996561294252222,3.0598279479293233,3.051834714140505,3.036016014474818,2.841061765420566,2.7135260260241845,2.691036059916835,2.7650745504501133,2.6378213496495353
2025-01-22,2.9955915548066194,3.0588779181043457,3.0509038598319527,3.0351038178601395,2.840219328833562,2.7128533552410907,2.6905530636660084,2.764787133379079,2.6376239176033702
2025-01-23,2.9908604017538303,3.054242924109759,3.046362419114469,3.030653404073374,2.8361092594242407,2.7095715371781215,2.6881966274119793,2.7633848864567634,2.6366606885296546
2025-01-24,2.9619347393006517,3.025905165795028,3.01859663352704,3.0034441454557395,2.810980822642202,2.6895069228096973,2.6737896786373425,2.7548117287722933,2.630771629617272
2025-01-27,2.936525606756274,3.0010124651284484,2.9942063701292105,2.9795427513297166,2.7889072821706105,2.671881589361782,2.6611342011157006,2.747280820870664,2.625598511155124
2025-01-28,2.9074824001278707,2.972559551683417,2.9663277537165014,2.952222923425454,2.7636767318628737,2.6517354391408614,2.646668707340963,2.738672824753341,2.61968552108563
2025-01-29,2.8691727943525978,2.9350285754663803,2.9295543072442918,2.9161865500920405,2.7303962319459907,2.625161545881495,2.6275879160583333,2.727318398846142,2.6118859581305567
2025-01-30,2.84980739148435,2.916056767749407,2.9109654287795625,2.897970260120126,2.7135730285873416,2.611728514182756,2.617942627291839,2.7215787670336806,2.60794329999653
2025-01-31,2.824388463592037,2.8911544708219683,2.8865657628129586,2.874059651886884,2.691490978655275,2.5940963860804667,2.605282271020189,2.714044955929312,2.6027681872712893
2025-02-03,2.7412847317082685,2.809739793699661,2.8067943693406434,2.795887166241095,2.6192967159872014,2.5364505383656977,2.5638909559494065,2.6894141839025463,2.585848859193857
2025-02-04,2.7903496295165904,2.8578074643391753,2.85389183632589,2.842040629300944,2.6619206035053984,2.57048496212846,2.588328614741197,2.703956326415756,2.5958381230245804
2025-02-05,2.786451081038308,2.8539881525175486,2.850149613954133,2.8383734146277915,2.658533838236434,2.567780689687338,2.5863868722378767,2.7028008517261455,2.5950444063137343
2025-02-06,2.7782523748163945,2.8459560821791032,2.842279663890917,2.830661206885509,2.651411419819039,2.5620935639757327,2.5823033584808934,2.700370871034679,2.5933752081052464
2025-02-07,2.828257626026513,2.89494499386102,2.890279777478396,2.8776992242383796,2.694852215542815,2.5967802745584647,2.6072093772734846,2.7151917210107097,2.603555921192858
2025-02-10,2.8042002514972184,2.871376577192893,2.867187068571276,2.8550693769085758,2.673952980616744,2.580092603414255,2.5952271672529936,2.708061455086884,2.598658011037486
2025-02-11,2.799900093753586,2.8671638186760737,2.8630593408798153,2.8510243838394453,2.6702173274683134,2.577109750143771,2.5930853959993314,2.706786949085027,2.597782529539844
2025-02-12,2.811664306623978,2.878688927966962,2.8743518259764977,2.862090526609435,2.6804371894985297,2.58527013004776,2.5989447747593517,2.710273695573022,2.60017763951403
2025-02-13,2.8127319995489346,2.879734920400523,2.8753767059727826,2.863094864296303,2.6813647206902815,2.5860107473746,2.5994765585102604,2.710590144671433,2.6003950141911214
2025-02-14,2.822968138141407,2.8897630129975065,2.8852023903408375,2.872723606340133,2.690257106886431,2.593111161196139,2.6045748522689793,2.7136239915323443,2.6024790191228657
2025-02-18,2.844713810557952,2.911066712103061,2.9060760930174685,2.8931789243662585,2.7091481091404535,2.6081952939079245,2.6154056772875007,2.7200691016100698,2.6069062831883887
2025-02-19,2.8510709913680143,2.917294685400135,2.9121783601513123,2.899158879951374,2.714670748988589,2.61260502459709,2.6185719860429155,2.721953280186846,2.608200559935472
2025-02-20,2.8378766576990566,2.904368522023927,2.899513100013735,2.8867474775274133,2.703208505729054,2.603452625154399,2.6120003097816773,2.718042666099145,2.6055142875497697
2025-02-21,2.8314705001493174,2.898092567422561,2.8933638200360248,2.8807214514062034,2.6976433185785442,2.599008921193359,2.608809607276221,2.71614397150868,2.604210039487223
2025-02-24,2.8350947788854084,2.9016431839401533,2.8968427704821296,2.8841306710772243,2.700791818954215,2.6015229433119895,2.610614744779308,2.7172181565216342,2.6049479168314775
2025-02-25,2.800850242503318,2.8680946559793346,2.8639713900508212,2.851918152239686,2.6710427451343675,2.577768831618115,2.5935586347501407,2.7070685597505855,2.597975973059824
2025-02-26,2.803583144577289,2.8707720127588163,2.86659470673856,2.85448888815378,2.6734168846068327,2.5796645401886504,2.5949198060024683,2.7078785533144076,2.5985323724626532
2025-02-27,2.7921421781887648,2.8595635800762547,2.8556125064113957,2.8437268109220164,2.6634778347722836,2.571728383879026,2.589221425992723,2.704487612516758,2.596203073170522
2025-02-28,2.784531192842974,2.8521072853893106,2.8483067104745747,2.8365674496128723,2.6568659839833764,2.5664489374299015,2.585430637236241,2.7022318239895537,2.5946535307475886
2025-03-03,2.77966290491909,2.847337943742707,2.843633633794266,2.8319880383250418,2.6526367821274084,2.5630719942056865,2.5830058984820945,2.70078893222891,2.5936623819905775
2025-03-04,2.6938458616572203,2.763265102362634,2.7612577287717572,2.751263244979597,2.5780853989078194,2.503544027229131,2.5402631696590015,2.6753539730437965,2.576190643036501
2025-03-05,2.7016331632658477,2.7708941297450287,2.768732770946497,2.758588460218682,2.584850419985273,2.508945777457,2.5441417759156333,2.67766201922028,2.5777760821951
2025-03-06,2.7094792369620877,2.7785807346925733,2.7762642285338766,2.7659689601010817,2.5916664978255755,2.5143882956111177,2.548049654672316,2.679987484613188,2.5793734869322553
2025-03-07,2.6973232101742806,2.7666717749673513,2.7645956406862635,2.754534253042333,2.581106257376368,2.505956129532142,2.5419951259119626,2.6763846100156856,2.5768986064343657
2025-03-10,2.6726585240729923,2.7425083901260066,2.740919972515201,2.7313331310649525,2.55967943590086,2.488847189816703,2.529710433390955,2.6690743455221213,2.571877051967254
2025-03-11,2.628697002539004,2.6994403713936967,2.698721243860822,2.6899802178661902,2.5214889772900264,2.458352780983147,2.507814603353512,2.65604477163526,2.5629267992077636
2025-03-12,2.6187253383407865,2.6896713778398884,2.6891494288496456,2.680600256717273,2.5128263465266953,2.451435822829725,2.5028480358450182,2.6530893112482676,2.5608966393795187
2025-03-13,2.6167074966660984,2.687694548103067,2.6872124996823543,2.678702150630164,2.5110733976688895,2.4500361240285407,2.5018430133433,2.6524912514842978,2.5604858211824477
2025-03-14,2.612897106319235,2.6839616026291657,2.6835549004295576,2.6751178629219825,2.507763217544199,2.447393003476791,2.4999451795900534,2.6513619056193276,2.559710052839435
2025-03-17,2.6112025111264145,2.68230144950067,2.681928256031784,2.6735238223730997,2.5062910808820607,2.446217528269972,2.499101155838611,2.650859651545703,2.559365045324419
2025-03-18,2.6233291518704154,2.6941816204433167,2.693568636173077,2.6849308871101916,2.5168257929498443,2.454629310385824,2.5051410483489396,2.6544538165349927,2.561833943033031
2025-03-19,2.6195775336111646,2.6905062525345658,2.689967452332919,2.6814018840453238,2.5135666695880015,2.4520269577603218,2.5032724870957437,2.6533418898864487,2.561070140268573
2025-03-20,2.618911449951559,2.6898537067961974,2.689328077656338,2.6807753247544337,2.5129880262757163,2.4515649212628436,2.5029407320951766,2.6531444721002844,2.560934530378278
2025-03-21,2.6137297108937427,2.684777284802126,2.6843541187752846,2.6759010620355954,2.5084865216845555,2.4479705490986396,2.5003598733407633,2.651608677852033,2.559879565202304
2025-03-24,2.6249943610194304,2.6958129847892374,2.695167072864531,2.686497285337417,2.5182724012305577,2.4557844016295185,2.505970435850357,2.6549473610004046,2.562172967758769
2025-03-25,2.6165899524908736,2.6875793929727667,2.687099668857076,2.678591581343536,2.510971284143192,2.4499545881760447,2.501784468343199,2.6524564130514454,2.5604618900253366
2025-03-26,2.620282798662512,2.6911971833163677,2.690644437284594,2.68206529976509,2.5141793507421863,2.4525161728752987,2.5036237570963444,2.653550920483564,2.5612137272112387
2025-03-27,2.6121428645282108,2.6832226905430723,2.682830902634017,2.674408376666121,2.50710798908764,2.446869815089941,2.4995695158394113,2.651138359008524,2.5595564945813063
2025-03-28,2.609703822892301,2.6808332215893413,2.6804896630094754,2.6721140639685963,2.5049891334294188,2.4451779461506464,2.4983547070873344,2.650415461526833,2.5590599230712545
2025-03-31,2.5988799634237054,2.670229353340856,2.6700998245150265,2.6619324754916285,2.4955861796047816,2.437669853066627,2.492963688328115,2.647207422501659,2.5568562623539557
2025-04-01,2.5895645875371587,2.6611033092645573,2.661157981611659,2.6531698595263826,2.487493682693261,2.4312081367563074,2.4883239970701805,2.6444464766980924,2.554959718152914
2025-04-02,2.5785154350660493,2.65027872701633,2.6505518840354245,2.642776346583378,2.4778950112777043,2.423543766621671,2.4828207670607703,2.641171664009951,2.5527101893844857
2025-04-03,2.5740879377992574,2.645941217108352,2.646301922949912,2.638611570120401,2.4740487351431013,2.4204725828443165,2.4806155720569985,2.6398594163725044,2.5518087824666402
2025-04-04,2.530743523185198,2.603477762810119,2.6046955561282474,2.597839145676434,2.4363943725421793,2.3904062372363657,2.459027103270081,2.6270127442581193,2.542984168281982
2025-04-07,2.533731104305489,2.606404622371918,2.607563339604091,2.600649448378222,2.4389897579869886,2.392478606820643,2.4605151220226253,2.6278982210931225,2.543592418525219
2025-04-08,2.5353375413668915,2.6079784091526887,2.6091053608829053,2.6021605619621337,2.4403853095048533,2.39359293013809,2.4613152370239937,2.628374346342107,2.5439194776724015
2025-04-09,2.6053350977131213,2.6765532892465136,2.6762961173366024,2.668004572148933,2.5011939140576644,2.4421475302995397,2.496178784583613,2.649120633105812,2.5581704817319646
2025-04-10,2.593561089494794,2.6650185836947675,2.664994229671148,2.6569292152717248,2.4909655425669737,2.433980355741177,2.4903145270735845,2.64563098341508,2.5557733774946856
2025-04-11,2.6060599534603397,2.677263412550032,2.6769919074258244,2.6686864160831374,2.5018236141327987,2.442650334723266,2.4965398120842304,2.6493354701084026,2.5583180572008155
2025-04-14,2.602543423551538,2.6738183549018815,2.673616385236225,2.6653785515915254,2.498768717822351,2.4402110538027566,2.494788340831235,2.6482932203255642,2.55760211675058
2025-04-15,2.59371781506176,2.665172123868501,2.6651446707715194,2.657076640987228,2.49110169393457,2.434089070211172,2.4903925870737185,2.645677434658883,2.555805285704167
2025-04-16,2.612456315662143,2.68352977089054,2.6831317848347616,2.6747032280971283,2.5073802918228334,2.4470872440299307,2.499725635839679,2.6512312614961306,2.5596203110002684
2025-04-17,2.620175049835223,2.691091624446926,2.6905410090280877,2.6819639445856813,2.5140857466769635,2.452441431677177,2.503570090846253,2.6535189852534495,2.5611917903172206
2025-04-21,2.621183970672567,2.692080039315336,2.6915094736117333,2.6829129976292356,2.514962221105866,2.453141281077769,2.5040726020971125,2.653818015135433,2.561397199415756
2025-04-22,2.6253274028492335,2.6961392576584218,2.695486760202822,2.6868105649828626,2.5185617228867003,2.456015419878258,2.5061363133506416,2.6550460698934875,2.5622407727039165
2025-04-23,2.6320861929246457,2.7027606776506885,2.701974532656369,2.693168298963956,2.524433250614302,2.460703731396786,2.509502650856398,2.6570492797825094,2.5636168142377955
2025-04-24,2.6247396819731104,2.69556348200692,2.6949226060764255,2.6862577185497236,2.518051155258213,2.4556077406157777,2.5058435883501406,2.6548718777292235,2.5621211169183615
2025-04-25,2.627952556095915,2.6987110555684617,2.698006648634054,2.689279945717548,2.5208422582939427,2.457836387250672,2.507443818352877,2.6558241282271937,2.5627752352127278
2025-04-28,2.623270379782803,2.6941240428781663,2.6935122207604376,2.6848756024668776,2.5167747361869957,2.4545885424595757,2.505111775848889,2.6544363973185665,2.5618219774544753
2025-04-29,2.626767318995734,2.6975499080046004,2.69686893781249,2.6881650387440517,2.5198126135764936,2.4570142340713357,2.5068534896018675,2.6554728406959307,2.5625339293785254
2025-04-30,2.617990687245633,2.6889516582755117,2.688444236191652,2.67990919867585,2.512188136991087,2.450926223751624,2.5024821295943926,2.652871571042939,2.5607470696475754
2025-05-01,2.614914947993924,2.685938432365987,2.6854918295968484,2.677015969009091,2.5095161664020043,2.448792702277975,2.5009502020917727,2.6519599653832966,2.560120871036506
2025-05-02,2.618480454642402,2.6894314713184295,2.688914364630315,2.6803699040367985,2.5126136100148257,2.4512659564703574,2.5027260670948093,2.653016731179824,2.5608467828022046
2025-05-05,2.6159140734833324,2.6869172509735395,2.686450891611721,2.677955807945427,2.510384131370432,2.4494857570241924,2.5014478345926237,2.652256092062543,2.560324285871949
2025-05-06,2.61135923669338,2.6824549896744037,2.682078697132156,2.673671248088603,2.5064272322496572,2.4463262427399672,2.499179215838744,2.6509061027895067,2.5593969535339003
2025-05-07,2.599947656348662,2.6712753457744163,2.6711247045113113,2.6629368131784967,2.496513710796533,2.438410470393467,2.4934954720790246,2.6475238716000695,2.5570736370310465
2025-05-08,2.5966858054861803,2.668079790908583,2.667993649109817,2.6598685154745776,2.4936800604584297,2.436147850486699,2.4918708483262457,2.646557105088411,2.556409547421218
2025-05-09,2.5852056577059144,2.6568329731825884,2.656973838507559,2.6490695818139383,2.4837069727819823,2.4281845155595763,2.486152953316468,2.6431545514798103,2.5540722710767167
2025-05-12,2.5906518711579856,2.662168494219835,2.6622016667454904,2.654192625427689,2.4884382328059624,2.4319623433918967,2.488865538321107,2.644768732201979,2.55518108135619
2025-05-13,2.5879777411716267,2.6595487150055037,2.6596347654703907,2.6516771741569087,2.4861151500963463,2.4301074027476104,2.4875336395688294,2.643976157854583,2.554636647531916
2025-05-14,2.588036513259239,2.6596062925706536,2.6596911808830304,2.6517324588002222,2.486166206859195,2.4301481706738586,2.4875629120688787,2.6439935770710092,2.554648613110472
2025-05-15,2.56668265476011,2.6386864438994335,2.6391935809573295,2.6316457050628554,2.467615583024164,2.4153358241370597,2.4769272370506914,2.637664595102792,2.550301119568651
2025-05-16,2.5642827945159414,2.636335359989136,2.6368899516078814,2.6293882487942066,2.465530765207842,2.413671133815264,2.4757319432986478,2.6369533104320526,2.5498125251109696
2025-05-20,2.620214231226964,2.691130009490359,2.6905786193031807,2.6820008010145573,2.5141197845188623,2.4524686102946758,2.5035896058462863,2.6535305980643997,2.5611997673695908
2025-05-21,2.6115649390000235,2.682656511152429,2.6822761510763944,2.673864744340202,2.5066059309196276,2.446468930481835,2.4992816695889193,2.6509670700469985,2.5594388330588442
2025-05-22,2.6081659532664463,2.679326608634579,2.679013459712074,2.670667449135217,2.5036531481348776,2.444111185413822,2.497588743336024,2.649959658697012,2.5587468237657194
2025-05-23,2.607431302171293,2.6786068890702017,2.6783082670540805,2.669976391093794,2.503014938599269,2.443601586335721,2.4972228370853986,2.6497419184916833,2.5585972540337765
2025-05-26,2.6050314419271245,2.6762558051599044,2.676004637704632,2.667718934825145,2.500930120782946,2.4419368960139245,2.4960275433333545,2.649030633820943,2.558108659576095
2025-05-27,2.608107181178834,2.679269031069429,2.678957044299435,2.6706121644919034,2.503602091372029,2.444070417487574,2.497559470835974,2.649942239480586,2.558734858187164
2025-05-28,2.6186959522969806,2.6896425890573132,2.6891212211433264,2.680572614395616,2.512800818145271,2.451415438866601,2.5028333995949934,2.653080601640054,2.5608906565902414
2025-05-29,2.6021026328944457,2.6733865231632556,2.6731932696414282,2.664963916766671,2.4983857921009855,2.4399052943558956,2.49456879708086,2.648162576202367,2.557512374911414
2025-05-30,2.6026511723788266,2.6739239137713233,2.6737198134927302,2.665479906770934,2.4988623218875734,2.440285795000878,2.494842007081327,2.648325155555679,2.557624053644598
2025-06-02,2.609733208936107,2.680862010371916,2.6805178707157955,2.6721417062902533,2.505014661810843,2.44519833011377,2.4983693433373593,2.6504241711350454,2.559065905860532
2025-06-03,2.6060109767206625,2.67721543124574,2.6769448945819576,2.6686403455470424,2.5017810668304246,2.4426163614513925,2.496515418334188,2.6493209540947147,2.5583080858853524
2025-06-04,2.608283497441671,2.679441763764879,2.6791262905373534,2.670778018421845,2.503755261660575,2.444192721266318,2.497647288336124,2.6499944971298643,2.5587707549228305
2025-06-05,2.6284717095364902,2.6992196573939546,2.6985049847790368,2.6897682934001534,2.5212932596991062,2.4581965039325295,2.5077023921033192,2.655977997972293,2.5628809311566343
2025-06-06,2.6225357286876494,2.6934043233137897,2.692807028102443,2.684184544425454,2.516136526651387,2.4540789433814747,2.5047458695982634,2.654218657113238,2.561672407722532
2025-06-09,2.643723066271878,2.7141610355504175,2.7131447843589984,2.7041146583400986,2.534542489658346,2.4687757807939033,2.5152986058663096,2.6604982846349134,2.565985998791778
2025-06-10,2.6441932429727757,2.7146216560716185,2.713596107660115,2.7045569354866092,2.5349509437611357,2.4691019242038883,2.5155327858667103,2.660637638366324,2.566081723420222
2025-06-11,2.640137968927529,2.710648804076259,2.7097034441879866,2.7007422950979536,2.531428027124575,2.466288937292771,2.513512983363256,2.6594357124329107,2.5652560984998947
2025-06-12,2.63915843413399,2.7096891779904224,2.708763187310661,2.699820884376056,2.5305770810770962,2.4656094718553034,2.513025108362422,2.6591453921591386,2.5650566721906367
2025-06-13,2.634192192730753,2.7048238737352355,2.7039960849426197,2.6951493320160353,2.5262627846163803,2.4621645820873415,2.5105515821081914,2.6576734683711183,2.5640455808027
2025-06-16,2.645633159119277,2.7160323064177976,2.7149782852697846,2.7059114092477987,2.5362018344509294,2.4701007383969653,2.5162499621179366,2.6610644091687683,2.566374880094831
2025-06-17,2.6446438289778036,2.715063084071103,2.7140286258236848,2.704980784418682,2.5353423789429756,2.469414478305123,2.5157572083670936,2.660771185692259,2.5661734595224805
2025-06-18,2.63786544820652,2.7084224715571197,2.7075220482325912,2.6986046222231512,2.5294538322944247,2.4647125774778456,2.5123811133613203,2.658762169397761,2.5647934294624166
2025-06-19,2.636631234366662,2.7072133426889664,2.7063373245671603,2.69744364471356,2.5283816402746018,2.463856451026636,2.511766390860269,2.6583963658528087,2.5645421523127516
2025-06-20,2.6227120449504864,2.6935770560092402,2.692976274340362,2.684350398355396,2.516289696939933,2.454201247160219,2.504833687098414,2.654270914762517,2.561708304458198
2025-06-23,2.632605346365221,2.7032692794761815,2.702472868801352,2.693656646646561,2.5248842520194654,2.4610638480786444,2.5097612246068395,2.6572031495276085,2.5637225101817025
2025-06-24,2.630920546520336,2.7016187226085444,2.7008556269723516,2.6920718202048977,2.5234206248178026,2.4598951675261995,2.5089220796054055,2.656703798656722,2.563379496929779
2025-06-25,2.6355341553978997,2.70613856147283,2.7052842368645558,2.696411664705035,2.5274285807014256,2.463095449736672,2.511219970859335,2.658071207146185,2.564318794846383
2025-06-26,2.6306266860822736,2.701330834782793,2.7005735499091537,2.691795396988328,2.523165341003559,2.4596913278949586,2.508775717105155,2.65661670257459,2.5633196690370017
2025-06-27,2.6204493195774137,2.6913603197509595,2.6908042809537394,2.6822219395878126,2.514324011570258,2.452631681999669,2.503706695846487,2.6536002749301053,2.5612476296838125
2025-06-30,2.624524184318532,2.6953523642680364,2.6947157495634144,2.6860550081909063,2.517863947127768,2.455458258219534,2.505736255849957,2.654808007268994,2.562077243130325
2025-07-02,2.6277566491372073,2.6985191303512943,2.6978185972585895,2.6890956635731684,2.520672069084447,2.457700494163178,2.50734624335271,2.65576606417244,2.562735349950876
2025-07-03,2.6290986118043547,2.6998338180888894,2.6991067491805256,2.690357996262168,2.5218378651694926,2.4586313618125093,2.5080146321038534,2.6561638029475065,2.563008563994559
2025-07-04,2.6158161200039785,2.6868212883649565,2.686356865923988,2.6778636668732374,2.5102990367656846,2.4494178104804454,2.5013990470925402,2.6522270600351665,2.560304343241023
2025-07-07,2.618245366291953,2.689201161057829,2.6886887029797566,2.680148765463543,2.512409382963431,2.451102884765365,2.502608977094609,2.652947054314119,2.5607989204879824
2025-07-08,2.6197146684822603,2.690640600186583,2.690099088295745,2.681530881546389,2.5136858020346486,2.452122082921567,2.503340789595861,2.653382534724776,2.5610980599518696
2025-07-09,2.6124661110100784,2.683539367151398,2.6831411874035345,2.6747124422043473,2.507388801283308,2.4470940386843054,2.4997305145896873,2.651234164698868,2.5596223052633613
2025-07-10,2.6149639247336003,2.685986413670279,2.6855388424407147,2.6770620395451865,2.509558713704378,2.4488266755498485,2.500974595841815,2.6519744813969854,2.560130842351969
2025-07-11,2.615365533998951,2.686379860365472,2.685924347760419,2.6774398179411643,2.509907601583844,2.44910525637921,2.5011746245921564,2.6520935127092318,2.5602126071387645
2025-07-14,2.6347799136068755,2.705399649386737,2.704560239069015,2.6957021784491735,2.5267733522448674,2.462572261349823,2.5108443071086928,2.6578476605353805,2.564165236588255
2025-07-15,2.6518336143623733,2.722106739541138,2.720930111303256,2.7117439391174103,2.5415883229314677,2.4744017546161365,2.5193382108732174,2.662902136501741,2.567637248632433
2025-07-16,2.6433116616585917,2.7137579925943665,2.7127498764705225,2.7037276658369014,2.534185092318405,2.4684904053101664,2.515093698365959,2.66037635011993,2.56590223974189
2025-07-17,2.6351619321763553,2.705773903560213,2.704926939251172,2.6960615286307137,2.527105221203384,2.4628372528704348,2.511034578359018,2.6579608854421517,2.564243012848865
2025-07-18,2.6262187795113525,2.6970125173965322,2.696342393961188,2.687649048739789,2.5193360837899057,2.4566337334263535,2.5065802796014007,2.6553102613426187,2.562422250645341
2025-07-21,2.6364745087996964,2.707059802515233,2.706186883466789,2.6972962189980567,2.528245488907005,2.463747736556642,2.511688330860135,2.6583499146090053,2.5645102441032708
2025-07-22,2.636523485539373,2.7071077838195245,2.7062338963106543,2.6973422895341512,2.528288036209379,2.463781709828515,2.5117127246101774,2.658364430622694,2.564520215418733
2025-07-23,2.6415680897260945,2.712049858161579,2.711076219228883,2.702087554751924,2.5326704083538933,2.4672809568314737,2.514225280864474,2.659859580032616,2.565547260911411
2025-07-24,2.6508932609605766,2.721185498498736,2.7200274647010234,2.710859384824389,2.540771414725888,2.473749467796168,2.518869850872417,2.6626234290389204,2.5674457993755455
2025-07-25,2.638815596956252,2.70935330886038,2.7084340974035968,2.6994983906233916,2.5302792499604787,2.465371658952189,2.5128543521121296,2.6590437800633184,2.5649868729823964
2025-07-28,2.649717819208331,2.7200339471957324,2.7188991564482325,2.7097536919581113,2.5397502794689144,2.4729341092712067,2.5182844008714156,2.6622750447103947,2.567206487804436
2025-07-29,2.656554972067226,2.7267321372748663,2.725462149451966,2.7161851387969564,2.545689882880314,2.477676778024731,2.5216897683772386,2.664301480221319,2.568598483443056
2025-07-30,2.6540473629957693,2.7242754944951266,2.7230550918460126,2.7138263273488987,2.543511460998769,2.4759373465048142,2.520440808375103,2.6635582603204644,2.5680879520913558
2025-07-31,2.651804228318567,2.7220779507585626,2.720901903596936,2.7117162967957533,2.541562794550043,2.474381370653013,2.5193235746231926,2.6628934268935276,2.5676312658431555
2025-08-01,2.623476082089446,2.6943255643561916,2.693709674704676,2.6850690987184755,2.516953434856966,2.4547312302014435,2.505214229599064,2.6544973645760583,2.561863856979419
2025-08-05,2.627355039871857,2.6981256836561016,2.6974330919388856,2.6887178851771902,2.5203231812049807,2.457421913333816,2.507146214602368,2.6556470328601938,2.5626535851640804
2025-08-06,2.626894658518894,2.6976746593957586,2.696991171206543,2.6882848221378985,2.519923236562666,2.4571025645782063,2.506916913351976,2.655510582331521,2.562559854798729
2025-08-07,2.627257086392503,2.6980297210475177,2.6973390662511534,2.6886257441050003,2.5202380866002327,2.4573539667900692,2.5070974271022846,2.6556180008328165,2.562633642533154
2025-08-08,2.6073823254316157,2.67855890776591,2.6782612542102138,2.669930320557699,2.5029723912968946,2.4435676130638475,2.4971984433353565,2.6497274024779944,2.5585872827183134
2025-08-11,2.6207823614072163,2.691686592620144,2.69112396829203,2.682535219233258,2.5146133332264,2.4528627002484074,2.50387257334677,2.6536989838231877,2.5613154346289604
2025-08-12,2.620067301007934,2.6909860655774835,2.6904375807715826,2.6818625894062724,2.513992142611741,2.4523666904790553,2.5035164245961616,2.653487050023334,2.5611698534232024
2025-08-13,2.6191857196937494,2.690122402100231,2.6895913495819888,2.6810333197565646,2.51322629116901,2.4517551715853347,2.5030773370954105,2.65322576177694,2.56099036974487
2025-08-14,2.6208411334948285,2.6917441701852938,2.6911803837046695,2.6825905038765714,2.5146643899892487,2.4529034681746555,2.50390184584682,2.653716403039614,2.561327400207516
2025-08-15,2.6110653762553193,2.682167101848653,2.6817966200689587,2.673394824872034,2.506171948435414,2.4461224031087268,2.499032853338494,2.650819006707375,2.5593371256411226
2025-08-18,2.6231724263034497,2.694028080269583,2.6934181950727045,2.6847834613946877,2.5166896415822473,2.4545205959158287,2.505062988348806,2.6544073652911893,2.561802034823549
2025-08-19,2.619195515041685,2.69013199836109,2.689600752150762,2.681042533863784,2.513234800629485,2.4517619662397094,2.503082215845419,2.653228664979678,2.5609923640079626
2025-08-20,2.6191367429540726,2.6900744207959395,2.689544336738123,2.68098724922047,2.5131837438666365,2.4517211983134612,2.5030529433453683,2.6532112457632513,2.5609803984294075
2025-08-21,2.6207529753634105,2.6916578038375687,2.6910957605857107,2.682507576911601,2.5145878048449757,2.452842316285283,2.5038579370967446,2.6536902742149744,2.5613094518396826
2025-08-22,2.6098605484592667,2.6809867617630747,2.6806401041098478,2.6722614896840997,2.5051252847970154,2.4452866606206407,2.4984327670874675,2.650461912770636,2.559091831280736
2025-08-25,2.6275803328743708,2.698346397655844,2.697649351020671,2.6889298096432266,2.5205188987959004,2.4575781903844343,2.50725842585256,2.6557138065231607,2.5626994532152096
2025-08-26,2.625092314498784,2.6959089473978213,2.695261098552263,2.686589426409607,2.5183574958353057,2.4558523481732655,2.506019223350441,2.654976393027782,2.5621929103896948
2025-08-27,2.6284227327968135,2.699171676089663,2.6984579719351705,2.689722222864059,2.5212507123967325,2.458162530660656,2.507677998353278,2.6559634819586044,2.562870959841171
2025-08-28,2.63116543021872,2.701858629130003,2.7010906911916828,2.692302172885372,2.523633361329672,2.460065033885566,2.509044048355614,2.656776378725164,2.563429353507093
2025-08-29,2.6269828166503126,2.6977610257434845,2.697075794325502,2.688367749102869,2.5199998217069393,2.4571637164675786,2.5069608221020516,2.6555367111561603,2.562577803166562
2025-09-02,2.612456315662143,2.68352977089054,2.6831317848347616,2.6747032280971283,2.5073802918228334,2.4470872440299307,2.499725635839679,2.6512312614961306,2.5596203110002684
2025-09-03,2.6018087724563843,2.673098635337505,2.6729111925782303,2.664687493550102,2.498130508286742,2.4397014547246556,2.49442243458061,2.648075480120235,2.5574525470186362
2025-09-04,2.599604819170924,2.670939476644374,2.6707956146042475,2.662614319425832,2.4962158796799154,2.4381726574903526,2.4933247158287326,2.6474222595042494,2.5570038378228066
2025-09-05,2.5547421256268805,2.6269886019130952,2.6277318496227284,2.620413708362924,2.4572425507054017,2.407053140454327,2.470980040790521,2.6341255909655183,2.5478701128587984
2025-09-08,2.5345930949238027,2.6072490933274532,2.6083907656561376,2.6014602898134913,2.4397385905087696,2.393076536405614,2.460944452023359,2.6281537029340405,2.543767913677365
2025-09-09,2.499682474882106,2.5730480196282666,2.574880010548248,2.5686212116850626,2.4094108733766366,2.368860388214262,2.443556586993625,2.6178066883768283,2.536660360015417
2025-09-10,2.4730979005854836,2.5470037676586834,2.549361438897628,2.543614124692763,2.386316197648071,2.3504196962413855,2.430315659470982,2.609927396146672,2.53124792998216
2025-09-11,2.467348031347415,2.5413707625348274,2.5438421310277257,2.538205443755224,2.3813211443493727,2.3464312341234494,2.427451833216084,2.608223216139634,2.5300772975468164
2025-09-12,2.4565535579226254,2.530795683068917,2.5334805002395955,2.528051497599913,2.3719437189061594,2.3389435250025534,2.42207545070689,2.605023886722673,2.5278796196187954
2025-09-15,2.4627246271219154,2.5368413274096824,2.539404118566748,2.533856385147868,2.3773046790052743,2.3432241572586006,2.4251490632121464,2.606852904447433,2.5291360053671195
2025-09-16,2.4288817000051752,2.5036862461440563,2.506918243455144,2.502021644706307,2.347904493064893,2.319748626394088,2.408292981933321,2.5968223389886305,2.5222458263822625
2025-09-17,2.407615999637464,2.4828527638205617,2.4865052666484013,2.482017817933911,2.329430454374135,2.3049974317466617,2.3977012156652084,2.590519485845053,2.517916281208275
2025-09-18,2.4047655533882684,2.4800602519107793,2.483769119135384,2.479336512733189,2.326954201375973,2.3030201873236305,2.39628149941278,2.5896746538483786,2.517335950648335
2025-09-19,2.3956362891124936,2.4711165367907904,2.4750059250387078,2.4707489648051038,2.319023384213474,2.2966875694464304,2.391734504405005,2.586968868896829,2.515477297446052
2025-09-24,2.3975659726557637,2.4730070001798867,2.4768582310870397,2.4725641439272423,2.3206997479270064,2.298026116358242,2.3926956181566488,2.5875407998361584,2.51587016727529
2025-09-25,2.3986924376683323,2.4741105701785977,2.477939526495964,2.4736237662574245,2.3216783358816064,2.2988075016113303,2.3932566744076076,2.587874668150996,2.516099507530936
2025-09-26,2.391953238288791,2.4675083427080478,2.4714705591799633,2.4672844604907693,2.3158238270749547,2.2941327794015516,2.389900094401868,2.585877264667449,2.5147274545232428
2025-09-29,2.4034921581566686,2.478812737999193,2.4825467851948604,2.478138678794722,2.325847971514251,2.3021368822549224,2.395647261911696,2.5892972374924756,2.517076696446299
2025-10-01,2.3940592380948975,2.4695715387925943,2.4734921114662134,2.4692654935428484,2.317653361077033,2.2955936300921067,2.390949025653662,2.586501453256057,2.5151562210881466
2025-10-02,2.3882212107254106,2.463852167321013,2.467888180477352,2.463773885640339,2.3125817226340617,2.291544016084799,2.388041290648689,2.5847711444243795,2.51396764028497
2025-10-03,2.386242550442464,2.461913722627625,2.465988861585154,2.4619126359821064,2.310862811618155,2.2901714959011144,2.3870557831470034,2.584184697471361,2.513564799140269
2025-10-06,2.3788470627512517,2.454668545679565,2.4588899221613447,2.45495598503178,2.3044381689596927,2.285041531848232,2.383372326890705,2.5819927794043873,2.512059130505373
2025-10-07,2.3712850541451376,2.447260232296913,2.4516311390683896,2.4478426942587306,2.2978688654731587,2.2797960586709807,2.379605931884264,2.579751506890872,2.5105195593979026
2025-10-08,2.355543930012981,2.4318390410975317,2.436521211049765,2.433035623957837,2.28419416249018,2.2688770490908725,2.3717657806208563,2.5750860600913654,2.5073147786081296
2025-10-09,2.3555831114047225,2.4318774261409652,2.4365588213248577,2.4330724803867128,2.284228200332079,2.2689042277083717,2.3717852956208896,2.5750976729023156,2.5073227556605002
2025-10-10,2.359452273839198,2.4356679491800164,2.4402728359902945,2.436712052738208,2.2875894372196193,2.27158811618637,2.3737124018741858,2.576244437983713,2.508110489582068
2025-10-14,2.3738514353042075,2.4497744526418024,2.454094612086983,2.450256790350102,2.3000983441175524,2.281576258117146,2.38088416438645,2.580512146008153,2.511042056328158
2025-10-15,2.3686794915943263,2.4447076269085892,2.449130055774703,2.445391741738483,2.295605348986866,2.277988680607316,2.3783081843820444,2.57897925496264,2.509989085415277
2025-10-16,2.358012357692697,2.434257298833838,2.4388906583806262,2.4353575789770185,2.2863385465298256,2.2705893019932915,2.372995225622959,2.575817667181269,2.507817332907459
2025-10-17,2.3434270846169154,2.4199684664157433,2.4248902334772455,2.4216377733279644,2.273667959882871,2.2604720616293963,2.365730766860536,2.5714947983048124,2.50484787516261
2025-10-20,2.3156866592639176,2.392791855664874,2.3982621587113804,2.395543421683825,2.249569167818281,2.2412296004403074,2.351914146836909,2.5632729281516067,2.499200122084429
2025-10-21,2.3123268549220817,2.3895003381904574,2.395037077622153,2.3923829829077166,2.24665042287543,2.2388990339897927,2.3502407355840473,2.5622771296125704,2.4985160898436747
2025-10-22,2.291815396345395,2.3694057679530562,2.375348098610952,2.3730886423911817,2.2288316126412306,2.224671027729217,2.3400246330665766,2.556197823079797,2.4943401029278163
2025-10-23,2.281167853139636,2.3589746324000216,2.3651275063544217,2.3630729078441557,2.21958182910514,2.217285238423942,2.334721431807508,2.553042041703902,2.492172338946184
2025-10-24,2.2462180517061983,2.3247351736574005,2.331579140971439,2.3301969732868506,2.189220074131108,2.19304191161509,2.31731405177774,2.5426834143357384,2.485056808231865
2025-10-27,2.2347770853176736,2.3135267409748383,2.320596940644274,2.319434896055087,2.179281024296559,2.1851057553054662,2.3116156717679948,2.539292473538088,2.4827275089397336
2025-10-28,2.221367253994138,2.300389459859747,2.307724823993685,2.3068207832723098,2.167631572906579,2.175803873466532,2.3049366630065733,2.5353179889901574,2.4799973627659946
2025-10-29,2.2240903607201736,2.30305722037837,2.3103387381126503,2.3093823050791844,2.169997202918569,2.1776927873826923,2.3062929555088925,2.5361250793512418,2.480551767905731
2025-10-30,2.2131195710325473,2.2923094082170095,2.2998078610866015,2.2990625049939317,2.16046660718681,2.170082774483053,2.300828755499549,2.5328734922850025,2.4783181932420435
2025-10-31,2.201394539553897,2.2808226839695553,2.2885529862650125,2.288033218652818,2.150280782998493,2.1619495731965634,2.2949888917395618,2.5293983586079585,2.475931060320227
2025-11-03,2.2096226318196166,2.288883543090576,2.296451144034549,2.2957730687167577,2.157428729797312,2.167657082871293,2.2990870417465703,2.5318370489076383,2.4776062413179933
2025-11-04,2.199778307144559,2.279239300927926,2.2870015624174256,2.286512890961687,2.1488767220201535,2.1608284552247414,2.294183897988185,2.5289193301562354,2.475602006909952
2025-11-05,2.1889544476759633,2.268635432679441,2.2766117239229757,2.276331302484719,2.1394737681955163,2.1533203621407218,2.288792879228966,2.5257112911310617,2.473398346192653
2025-11-06,2.188993629067705,2.2686738177228745,2.2766493341980687,2.2763681589135953,2.1395078060374155,2.1533475407582205,2.2888123942289997,2.525722903942012,2.473406323245024
2025-11-07,2.190433545214206,2.270084468069053,2.278031511807738,2.2777226326747844,2.1407586967272088,2.1543463549512984,2.2895295704802257,2.5261496747444565,2.4736994799196323
2025-11-10,2.185114671285294,2.264873698422965,2.272925916963859,2.2727193724548806,2.1361380596894004,2.1506568576258482,2.286880409225696,2.5245732356578774,2.4726165950603627
2025-11-12,2.187034559480629,2.266754565551203,2.274768820443417,2.2745253374698002,2.137805913942459,2.1519886098832854,2.287836644227331,2.525142263394469,2.473007470626508
2025-11-13,2.1891895360264124,2.2688657429400414,2.276837385573534,2.2765524410579747,2.1396779952469114,2.153483433845714,2.2889099692291666,2.5257809679967664,2.4734462085068754
2025-11-14,2.1840469783603376,2.2638277059894034,2.271901036967574,2.2717150347680124,2.135210528497649,2.149916240299008,2.2863486254747865,2.5242567865594667,2.4723992203832714
2025-11-17,2.197956372428578,2.2774543964082716,2.2852526846255996,2.2847990670189575,2.1472939623718434,2.159564649511051,2.2932764504866334,2.528379334447021,2.4752310739747325
2025-11-18,2.1943320936924873,2.273903779890679,2.2817737341794944,2.2813898473479366,2.144145461996173,2.1570506273924197,2.2914713129835467,2.527305149434066,2.474493196630479
2025-11-19,2.185565257290322,2.265315126422449,2.2733584351274287,2.273143221386954,2.1365294948712408,2.1509694117270834,2.2871048317260794,2.524706782983812,2.4727083311626212
2025-11-20,2.1802561787093455,2.2601139530372194,2.2682622428523236,2.268149175274269,2.131917367293908,2.147286709056008,2.2844605492215573,2.523133247099971,2.471627440566444
2025-11-21,2.168198105400892,2.248300955920581,2.2566876806924436,2.2568066092877097,2.1214422214494473,2.138922489520779,2.278454807961287,2.5195594045298453,2.46917250269948
2025-11-24,2.1712150725649892,2.2512566042649547,2.2595836718746063,2.259644554311154,2.1240631352756814,2.1410152430681797,2.279957462963857,2.520453590973061,2.4697867357319945
2025-11-25,2.1683352402719875,2.248435303572598,2.256819316655269,2.2569356067887756,2.1215613538960945,2.139017614682025,2.2785231104614043,2.519600049368173,2.4692004223827766
2025-11-26,2.1661019009427207,2.2462473560968923,2.2546755309749664,2.254834790342849,2.119621196907844,2.137468433484598,2.277410755459502,2.518938119143974,2.4687457303976688
2025-11-27,2.1655533614583393,2.245709965488824,2.2541489871236635,2.254318800338586,2.1191446671212555,2.137087932839616,2.2771375454590346,2.518775539790662,2.468634051664484
2025-11-28,2.160528347967489,2.240787083668487,2.2493254693429825,2.249591963335252,2.1147793138976914,2.1336022751454062,2.2746347467047543,2.517286196786215,2.467610994697991
2025-12-01,2.170989779562475,2.2510358902652126,2.259367412792822,2.2594326298451177,2.123867417684761,2.140858966017562,2.279845251713665,2.520386817310093,2.469740867680865
2025-12-02,2.1588729341664092,2.2391653155834237,2.247736435220302,2.248034779215245,2.113341215077452,2.132453978556085,2.2738102379533447,2.516795555523541,2.467273964235346
2025-12-03,2.154465027595488,2.2348469981971633,2.2435052792723362,2.243888430966706,2.1095119578637993,2.12939638408748,2.27161480044959,2.51548911429157,2.4663765458436857
2025-12-04,2.1538577160234946,2.2342520300239452,2.242922320008395,2.24331715631913,2.108984371314363,2.1289751155162504,2.2713123179490733,2.515309115721832,2.466252901531946
2025-12-05,2.1671500031718063,2.2472741560087366,2.2556816058337046,2.2558206998152794,2.1205317091786453,2.1381954615026886,2.2779327817103945,2.5192487618369097,2.4689591165485743
2025-12-08,2.182322997123711,2.2621387640783324,2.2702461848634803,2.2700933518974726,2.133712863454087,2.1487203811290647,2.285489965473318,2.5237458228776286,2.4720482300789777
2025-12-09,2.1881120477535205,2.267810154245622,2.2758031030084758,2.275538889263887,2.1387419545946846,2.1527360218644995,2.2883733067282486,2.525461615695618,2.473226839566691
2025-12-10,2.1878769594030714,2.2675798439850214,2.2755774413579175,2.2753177506906317,2.13853772754329,2.1525729501595072,2.2882562167280485,2.525391938829913,2.47317897725247
2025-12-11,2.187818187315459,2.2675222664198715,2.2755210259452783,2.2752624660473177,2.1384866707804413,2.152532182233259,2.288226944227998,2.5253745196134867,2.4731670116739144
2025-12-12,2.179266848567872,2.259144730690525,2.2673125834062247,2.2672185504451523,2.1310579117859545,2.1466004489641652,2.2839677954707147,2.522840023623462,2.471426019994093
2025-12-15,2.187494940833592,2.2672055898115455,2.2752107411757607,2.274958400509092,2.138205858584773,2.1523079586388953,2.2880659454777232,2.5252787139231425,2.473101200991859
2025-12-16,2.1773665510684084,2.257283056084004,2.2654884850642127,2.265431013644671,2.1294070764538464,2.145282286015478,2.283021317969096,2.5222768022923456,2.4710391329541332
2025-12-17,2.169334365761396,2.2494141221801502,2.257778378670141,2.257875445725111,2.1224293188645227,2.1397106694282417,2.279020742962255,2.5198961760474194,2.4694038372182194
2025-12-18,2.1683058542281812,2.2484065147900227,2.2567911089489487,2.2569079644671186,2.12153582551467,2.1389972307189002,2.2785084742113786,2.51959133975996,2.4691944395934984
2025-12-19,2.159558608521886,2.2398370538435093,2.2483946150344303,2.2486797667205733,2.113936877310687,2.1329296043623125,2.2741517504539286,2.5169987797151814,2.4674135626518265
2025-12-22,2.1668659380816804,2.246995864443844,2.2554089313392804,2.255553490705929,2.120284934824877,2.137998416525823,2.2777912979601527,2.5191645689575157,2.4689012829188894
2025-12-23,2.165876607940207,2.24602664209715,2.254459271893181,2.254622865876813,2.1194254793169236,2.13731215643398,2.2772985442093097,2.518871345481007,2.468699862346539
2025-12-24,2.1496555117592164,2.2301352341157097,2.2388886180046668,2.239364304322189,2.10533381277068,2.126060208789513,2.269219334195494,2.5140636417473523,2.4653973626652297
2025-12-29,2.166307603249363,2.2464488775749176,2.2548729849192046,2.2550282865944475,2.119799895577814,2.137611121226466,2.2775132092096766,2.518999086401467,2.4687876099226127
2025-12-30,2.165602338198016,2.245757946793116,2.2541959999675303,2.2543648708746815,2.1191872144236297,2.1371219061114894,2.2771619392090763,2.5187900558043506,2.468644022979947
2025-12-31,2.170098402900356,2.2501626305271025,2.2585117790344555,2.2585941460881913,2.1230930567815562,2.140240652469467,2.2794012854629058,2.520122625860962,2.4695593897394406
2026-01-02,2.164593417360672,2.244769531924705,2.2532275353838846,2.2534158178311268,2.1183107399947265,2.1364220567108974,2.276659427958217,2.518491025922367,2.4684386138814114
2026-01-05,2.1736149328091576,2.253607688175253,2.261887301224055,2.2619020105798033,2.1261479530920036,2.1426799333899758,2.2811527567159007,2.521164875643801,2.470275330189676
2026-01-06,2.174555286210954,2.254528929217655,2.2627899478262874,2.2627865648728247,2.1269648612975827,2.1433322202099445,2.281621116716702,2.5214435831066218,2.4704667794465633
2026-01-07,2.1748785326928215,2.254845605825981,2.263100232595805,2.263090630411051,2.1272456734932508,2.143556443804309,2.281782115466977,2.5215393887969664,2.4705325901286184
2026-01-08,2.172674579407361,2.2526864471328505,2.2609846546218217,2.261017456286782,2.125331044886424,2.142027646570007,2.2806843967151,2.520886168180981,2.4700838809327887
2026-01-09,2.1641330360077085,2.2443185076643624,2.2527856146515415,2.2529827547918346,2.1179107953524117,2.1361027079552874,2.276430126707825,2.5183545753936936,2.4683448835160604
2026-01-12,2.1727235561470373,2.252734428437142,2.2610316674656885,2.2610635268228765,2.1253735921887977,2.1420616198418805,2.2807087904651415,2.520900684194669,2.470093852248251
2026-01-13,2.1704510354260296,2.2505080959180033,2.2588502715102923,2.258925853948074,2.1233993973586482,2.140485260026955,2.279576920463206,2.5202271411595194,2.4696311832107734
2026-01-14,2.172057472487432,2.2520818826987736,2.2603922927891067,2.260436967531986,2.124794948876513,2.1415995833444024,2.2803770354645745,2.5207032664085047,2.469958242357956
2026-01-15,2.1720966538791733,2.252120267742207,2.2604299030642006,2.2604738239608624,2.124828986718412,2.141626761961901,2.2803965504646078,2.520714879219456,2.4699662194103262
2026-01-16,2.15849091559693,2.238791061409948,2.2473697350381454,2.247675429033705,2.113009346118936,2.132188987035473,2.2736199667030195,2.5166823306167707,2.4671961879747353
2026-01-19,2.1703922633384174,2.250450518352853,2.258793856097653,2.2588705693047606,2.1233483405957996,2.1404444921007073,2.279547647963156,2.5202097219430932,2.469619217632218
2026-01-20,2.1644268964457702,2.2446063954901128,2.2530676917147394,2.253259178008404,2.1181660791666554,2.136306547586528,2.276576489208075,2.5184416714758253,2.4684047114088377
2026-01-21,2.1663565799890403,2.246496858879209,2.254919997763071,2.2550743571305425,2.119842442880188,2.1376450944983394,2.2775376029597187,2.5190136024151553,2.4687975812380754
2026-01-22,2.1701473796400323,2.250210611831394,2.2585587918783214,2.258640216624286,2.1231356040839295,2.1402746257413394,2.2794256792129475,2.5201371418746503,2.469569361054903
2026-01-23,2.161223817670901,2.2414684181894304,2.249993051725884,2.250246164947799,2.115383485591401,2.134084695606008,2.274981137955347,2.5174923241805933,2.4677525873775643
2026-01-26,2.171420774871632,2.2514581257429804,2.2597811258188454,2.259838050562753,2.1242418339456517,2.1411579308100483,2.280059916714032,2.5205145582305537,2.4698286152569384
2026-01-27,2.170950598170734,2.2509975052217794,2.259329802517729,2.259395773416242,2.1238333798428624,2.1408317874000637,2.2798257367136316,2.520375204499143,2.4697328906284945
2026-01-28,2.1754760489168796,2.255430977738341,2.2636737892909737,2.263652690951409,2.127764750582213,2.1439709177211648,2.282079719217486,2.5217164841639668,2.4706542401772658
2026-01-29,2.1799035461836715,2.259768487646318,2.267923750376486,2.267817467414386,2.1316110267168153,2.147042101498519,2.284284914221257,2.523028731801414,2.4715556470951108
2026-01-30,2.170206151727645,2.250268189396544,2.2586152072909615,2.2586955012675998,2.123186660846778,2.1403153936675876,2.2794549517129976,2.5201545610910765,2.4695813266334588
2026-02-02,2.1727039654511673,2.252715235915425,2.261012862328142,2.2610450986084385,2.1253565732678488,2.1420480305331306,2.280699032965125,2.520894877789194,2.470089863722066
2026-02-03,2.17097998421454,2.251026294004354,2.259358010224049,2.259423415737899,2.1238589082242862,2.1408521713631874,2.2798403729636565,2.5203839141073563,2.4697388734177723
2026-02-04,2.1707938726037677,2.2508439650480456,2.2591793614173565,2.2592483477007383,2.1236972284752653,2.140723072930069,2.279747676713498,2.5203287532553396,2.4697009824190137
2026-02-05,2.1712836400005364,2.2513237780909634,2.2596494898560193,2.259709053061687,2.1241227014990045,2.1410628056488026,2.279991614213915,2.5204739133922254,2.469800695573642
2026-02-06,2.165426021935179,2.2455852140976655,2.254026753729612,2.2541990169447397,2.1190340441350837,2.1369996023327453,2.277074121708926,2.518737798155072,2.4686081262442805
2026-02-09,2.169804542462294,2.2498747427013512,2.258229701971257,2.2583177228716216,2.122837772967312,2.140036812838226,2.279254922962655,2.52003552977883,2.469499561846663
2026-02-10,2.1677769054396707,2.2478883167036714,2.256283370235193,2.256410402677294,2.1210763146490317,2.138630319382668,2.2782450217109282,2.519434566812124,2.4690867493864994
2026-02-11,2.1686584867538548,2.2487519801809235,2.2571296014247864,2.2572396723270014,2.1218421660917626,2.1392418382763885,2.2786841092116794,2.519695855058518,2.4692662330648316
2026-02-12,2.1626539384694663,2.24286947227475,2.2513658267667798,2.2515914246017696,2.1166258668207196,2.135076715144711,2.275693435456565,2.5179161917802992,2.468043749789081
2026-02-13,2.151163995341265,2.2316130582878966,2.240336613595749,2.2407832768339113,2.1066442696837973,2.127106585563214,2.2699706616967785,2.5145107349689604,2.4657044791814866
2026-02-17,2.1584223481613822,2.23872388758394,2.2473039170567324,2.247610930283172,2.1129497798956125,2.13214142445485,2.273585815452961,2.5166620081976063,2.4671822281330873
2026-02-18,2.157912990068742,2.2382248820193054,2.2468149834805233,2.2471317967077855,2.112507287950924,2.131788102427367,2.2733321204525274,2.516511041655246,2.467078526452273
2026-02-20,2.150968088382557,2.2314211330707296,2.2401485622202837,2.2405989946895315,2.106474080474301,2.12697069247572,2.2698730866966117,2.5144526709142063,2.4656645939196355
2026-02-23,2.1603030549649747,2.2405663696687443,2.249109210261198,2.2493800388692153,2.114583596306771,2.1334459980947886,2.2745225354545626,2.517219423123248,2.4675651266468623
2026-02-24,2.160459780531941,2.240719909842478,2.2492596513615704,2.249527464584719,2.1147197476743673,2.133554712564783,2.274600595454696,2.5172658743670513,2.4675970348563436
2026-02-25,2.1674144775660613,2.2475332550519123,2.2559354751905825,2.2560694807101918,2.1207614646114648,2.1383789171708045,2.27806450796062,2.5193271483108286,2.4690129616520737
2026-02-26,2.166767984602326,2.2468999018352602,2.2553149056515474,2.2554613496337392,2.120199840220129,2.137930469982076,2.277742510460069,2.5191355369301385,2.468881340287964
2026-02-27,2.1660431288551085,2.246189778531742,2.2546191155623263,2.2547795056995352,2.119570140144995,2.1374276655583495,2.2773814829594516,2.518920699927548,2.468733764819113
2026-03-02,2.1707253051682205,2.2507767912220373,2.2591135434359444,2.259183848950206,2.123637662251942,2.140675510349446,2.2797135254634395,2.520308430836176,2.4696870225773657
2026-03-03,2.1829107179998335,2.2627145397298345,2.2708103389898766,2.2706461983306117,2.134223431082574,2.1491280603915452,2.2857826904738183,2.5239200150418917,2.472167885864533
2026-03-04,2.178493016080977,2.2583866260827143,2.266569780473137,2.2664906359748533,2.130385664408446,2.146063671268566,2.283582374220056,2.522610670607183,2.47126847320978
2026-03-05,2.1813728483739787,2.261207926775072,2.2693341356924748,2.269199583497232,2.1328874457880334,2.148061299654721,2.2850167267225086,2.523464212212071,2.471854786558998
2026-03-06,2.1835865970073747,2.263376681729061,2.2714591162352313,2.2712819717287203,2.1348105838553346,2.149596891543398,2.286119324224394,2.524120336030794,2.4723054900179204
2026-03-09,2.199758716448688,2.2792201084062094,2.286982757279879,2.286494462747249,2.148859703099204,2.160814865915992,2.2941741404881686,2.5289135237507603,2.475598018383767
2026-03-10,2.194224344865198,2.273798221021237,2.2816703059229884,2.2812884921685277,2.1440518579309504,2.156975886194299,2.291417646733455,2.527273214203952,2.47447125973646
2026-03-11,2.203098930094653,2.282492433358909,2.290189033231559,2.28963647330892,2.1517614291211054,2.163131843057757,2.2958377942410135,2.5299035158843206,2.476278062098336
2026-03-12,2.2067427995266145,2.2860622423982186,2.2936867888152115,2.2930641211943787,2.1549269484177254,2.1656594544851373,2.297652689244117,2.5309835073027505,2.477019927968775
2026-03-13,2.2056849019495934,2.285025846225516,2.292671311387699,2.292068997614729,2.1540079266864485,2.1649256318126717,2.297125784243216,2.5306699614070776,2.476804547554777
2026-03-16,2.211307431664502,2.2905340999582133,2.298068385863549,2.2973578951584215,2.158892356998975,2.1688257634237376,2.2999261867480048,2.5323363997785253,2.477949254569917
2026-03-17,2.2079084459309244,2.287204197440363,2.2948056944992286,2.294160599953437,2.1559395742142247,2.1664680183557237,2.29823326049511,2.5313289884285384,2.477257245276792
2026-03-18,2.2058710135603654,2.285208175181825,2.2928499601943915,2.29224406565189,2.15416960643547,2.1650547302457914,2.2972184804933744,2.5307251222590943,2.4768424385535353
2026-03-19,2.219976314587314,2.29902679081786,2.306389659227882,2.305512380047215,2.1664232295191597,2.1748390325453273,2.3042438805053886,2.534905734201402,2.4797141774068483
2026-03-20,2.2424664334469475,2.3210598057486496,2.327977957131281,2.326667970221983,2.185960950769265,2.1904395589895884,2.315445490524544,2.5415714876871935,2.4842930054674075
2026-03-23,2.2494505165248735,2.3279019397406584,2.334681988666614,2.333237628669112,2.1920281960877865,2.195284147558734,2.318924039280493,2.5436414712391837,2.485714915052416
2026-03-24,2.2697072960552407,2.3477470071957423,2.3541265008897105,2.352292402397954,2.2096257603496414,2.209335492805568,2.329013294297746,2.549645294500776,2.4898390511278676
2026-03-25,2.277269304661355,2.3551553205783944,2.3613852839826652,2.3594056931710026,2.2161950638361754,2.21458096598282,2.332779689304187,2.5518865670142916,2.4913786222353376
2026-03-26,2.284380727262441,2.3621222059615627,2.3682115489120497,2.3660951350119794,2.222372932140869,2.219513885058836,2.336321661810244,2.553994292201872,2.49282645724055
2026-03-27,2.2825685878943958,2.360346897702766,2.3664720736889975,2.3643905251764687,2.220798681953034,2.218256873999521,2.3354190930587007,2.5534571996953948,2.4924575185684223
2026-03-30,2.2901599825443157,2.3677839998679935,2.373759064488272,2.371531458271175,2.227393513820992,2.2235227311398966,2.339200124315167,2.555707181817123,2.4940030724651705
2026-03-31,2.2909632010750167,2.3685708932583793,2.3745300751276788,2.3722870150631308,2.2280912895799245,2.22407989279862,2.3396001818158507,2.555945244441616,2.494166602038762
2026-04-01,2.274036839842679,2.3519885544951364,2.3582824362874897,2.3563650377887413,2.2133869418794965,2.212338730039176,2.331169701801434,2.5509285101108463,2.4907205154147865
2026-04-02,2.2649859383503874,2.3431216094620138,2.3495944627409995,2.3478512027184077,2.205524200400795,2.206060469396973,2.326661736793725,2.5482459507811988,2.4888778163172445
2026-04-06,2.277582755795287,2.355462400925862,2.361686166183409,2.3597005446020103,2.2164673665713686,2.2147983949228096,2.332935809304454,2.5519794695018985,2.4914424386543
2026-04-07,2.277328076748967,2.3552128981435447,2.3614416993953045,2.3594609778143165,2.216246120599024,2.2146217339090675,2.332808961804237,2.5519039862307182,2.491390587813893
2026-04-09,2.241261605650896,2.3198794656630715,2.32682144117217,2.3255346350340487,2.1849142871308667,2.189603816501503,2.314845404273518,2.5412143937504545,2.4840477111070203
2026-04-10,2.2298500253061775,2.308699821763085,2.3158674485513258,2.3148002001239423,2.1750007656777424,2.181688044155003,2.3091616605137983,2.537832162561018,2.481724394604167
2026-04-13,2.2367263595568145,2.315436396885652,2.3224680518301524,2.321268503391663,2.1809744069310413,2.186457891526027,2.3125865430196555,2.5398702108828934,2.483124367295157
2026-04-14,2.237176945561842,2.3158778248851366,2.322900569993722,2.321692352323736,2.1813658421128816,2.1867704456272627,2.3128109655200393,2.540003758208828,2.483216103397415
2026-04-15,2.242299912532046,2.3208966693140574,2.327818113462136,2.32651133039926,2.1858162899411937,2.1903240498652186,2.3153625517744025,2.541522133240653,2.4842591029948338
2026-04-16,2.2436222845033225,2.3221921645299357,2.3290874602465252,2.327755234873822,2.18696506710529,2.1912413282058,2.3160211830255286,2.5419140656102437,2.4845283285123316
2026-04-17,2.2291055788630882,2.3079705059378495,2.3151528533245584,2.3140999279753003,2.174354046681659,2.1811716504225274,2.3087908755131648,2.5376115191529514,2.481572830609131
2026-04-20,2.242995382235458,2.3215780038350005,2.328485695845037,2.3271655320118074,2.1864204616349037,2.190806470325821,2.3157089430249944,2.5417282606350304,2.484400695674407
2026-04-21,2.2477461259841176,2.3262321903513046,2.3330459417000675,2.3316343740130105,2.1905475499651743,2.19410187769754,2.3180751367790413,2.5431363139628216,2.485367913274307
2026-04-22,2.251556516330981,2.3299651358252054,2.3367035409528643,2.3352186617211923,2.1938577300898654,2.19674499824929,2.3199729705322865,2.544265659827792,2.48614368161732
2026-04-23,2.2505280047977654,2.328957528435078,2.335716271231672,2.3342511804631996,2.192964236740013,2.1960315595399487,2.3194607017814106,2.5439608235403326,2.485934283992599
2026-04-24,2.2473543120667023,2.3258483399169703,2.332669838949137,2.331265809724252,2.1902071715461826,2.193830091522553,2.3178799867787077,2.5430201858533126,2.485288142750604
2026-04-27,2.26286034784841,2.341039220855751,2.347554105317203,2.34585174145189,2.203677647477767,2.2045860293976682,2.3256030480419145,2.5476159557871143,2.488445061226155
2026-04-28,2.2651230732214827,2.3432559571140312,2.3497260987038255,2.347980200219473,2.2056433328474423,2.2061555945582194,2.326730039293842,2.548286595619526,2.488905736000541
2026-04-29,2.2678363845995833,2.3459141213717962,2.3523306102540187,2.3505325079191297,2.2080004533989577,2.2080377138200054,2.328081453046153,2.5490907827778733,2.489458146877185
